PLOT_ID,CENTER_LON,CENTER_LAT,RADIUS_M,FLAGGED,ANALYSES,SAMPLE_POINTS,USER_ASSIGNMENTS,FOREST,GRASSLAND,BARE SURFACE,IMPERVIOUS SURFACE,AGRICULTURE,URBAN,WATER,CLOUD,UNKNOWN
269,103.13989325543004,15.483656601311134,100.0,false,0,15,1,0.0,0.0,0.0,0.0,100.0,0.0,0.0,0.0,0.0
878,106.40519077334082,16.551403756269345,100.0,false,0,15,1,66.66666666666667,26.666666666666668,6.666666666666667,0.0,0.0,0.0,0.0,0.0,0.0
9709,96.56258911883754,22.454526120579207,100.0,false,0,15,1,100.0,0.0,0.0,0.0,0.0,0.0,0.0,0.0,0.0
